Title;FonteDeRecurso;PublicoAlvo;Category
Chamada Nordeste;"Finep ; BNDES ; BB ; CAIXA ; BNB";Empresas;"Bioeconomia; Energia renovável; Descarbonização Foco em Hidrogênio Verde - H2V; Data Center Verde; Automotiva"
FIP Transição Energética e Descarbonização;"FINEP ; FNDCT";;Energia
Programa Mulheres Inovadoras - 6ª edição;FINEP;Empresas;"5G e Wi-fi 6; Agritech; Automação de processos robóticos (RPA); Big Data; Bioeconomia; Biotecnologia; Cidades inteligentes e sustentáveis; Defesa e segurança nacional; Educação; Eficiência energética; Energia renovável; Inteligência artificial (IA); Internet das Coisas - IoT; Nuvem; Prevenção e recuperação de desastres naturais e ambientais; Realidade estendida (XR); Saneamento básico; Segurança hídrica; Segurança pública; Segurança privada; Saúde animal"
Seleção de Gestor para o FIP Complexo da Saúde;"FINEP ; FNDCT";Empresas;
Finep Mover Empresarial;Programa Mobilidade Verde e Inovação (PROGRAMA MOVER);Empresas;"Produtos e processos para aumento de produtividade da cadeia automotiva; Tecnologias da Informação e comunicação para aplicações automotivas; Materiais Avançados para aplicações automotivas; Segurança Veicular; Eficiência energética de veículos movidos a biocombustíveis; Veículos elétricos e híbrido-elétricos"
Ação Conjunta de Fomento FINEP - BNDES;"Finep ; BNDES";Empresas;
Cadeias Socioprodutivas da Agricultura Familiar e Sistemas Agroalimentares - Empresas;"FINEP ; FNDCT";;
PROINFRA 2025 UNIDADES DE PESQUISAS MCTI;"FINEP ; FNDCT";;
Chamada Pública para Seleção de Planos de Negócio para Investimentos na Transformação de Minerais Estratégicos para Transição Energética e Descarbonização Ação Conjunta de Fomento BNDES - FINEP;"FINEP ; BNDES";Empresas;
CENTROS TEMÁTICOS 2024;"FINEP ; FNDCT";;Infraestrutura de pesquisa
PROINFRA 2024 EXPANSÃO;"FINEP ; FNDCT";;Infraestrutura de pesquisa
PRÓ-INFRA CENTROS TEMÁTICOS - Implantação e melhoria da infraestrutura de pesquisa para solucionar desafios em áreas temáticas críticas;;;
PROINFRA DESENVOLVIMENTO REGIONAL -2024;"FINEP ; FNDCT";;
PARQUES  TECNOLÓGICOS – 01/2024;"FINEP ; FNDCT";"ICTs ; Empresas";
Geração de empreendimentos inovadores - Centelha 3ª Edição;"FINEP ; FNDCT";"ICTs ; Empresas ; Fundações";Descentralização de Recursos
Chamada pública de Planos de Negócios para investimentos em combustíveis de aviação e navegação de baixo carbono;"FINEP ; FNDCT";Empresas;"5G e Wi-fi 6; Aeronáutica; Agricultura, agronegócio e saúde animal; Agritech; Aquaviário; Audiovisual; Automação de processos robóticos (RPA); Big Data; BIM - Building Information Modeling; Bioeconomia; Biotecnologia; Cidades inteligentes e sustentáveis; Cidades Sustentáveis; Combustíveis; Defesa; Defesa e segurança nacional; Descentralização de recursos; Educação; Eficiência energética; Energia; Energia renovável; Esportes; Habitação; Higiene, perfumaria e cosméticos; Infraestrutura de pesquisa"
Conhecimento Brasil;;;
Recuperação e preservação de acervos 2024;"FINEP ; FNDCT";;
Cadeias Socioprodutivas da Agricultura Familiar e Sistemas Agroalimentares - ICT;"FINEP ; FNDCT";"ICTs; Fundações";"Sustentabilidade ; Tecnologia Social"
Edital FIP Nordeste Capital Semente;"FINEP ; FNDCT";Gestores de Fundos de Investimento em Participações;
Cadeias Socioprodutivas da Agricultura Familiar e Sistemas Agroalimentares - Empresas;;;
PRÓ-AMAZÔNIA;"FINEP ; FNDCT";;
Chamada Finep Amazônia - Bioeconomia e Desenvolvimento Regional;"FINEP ; FNDCT";Empresas;"Bioeconomia; Cidades inteligentes e sustentáveis; Sustentabilidade; TICs - Tecnologia de Informação e Comunicação"
SOLUÇÕES TECNOLÓGICAS PARA AUMENTO DA PRODUTIVIDADE NA AGRICULTURA FAMILIAR, AQUICULTURA E PESCA ARTESANAL;"FINEP ; FNDCT";;
Programa Mulheres Inovadoras - 5ª edição;FINEP;Empresas;"Agritech; Bioeconomia; Cidades inteligentes e sustentáveis; Cidades Sustentáveis; Defesa e segurança nacional; Educação; Eficiência energética; Energia renovável; Esportes; Foodtech; Monitoramento; Preservação ambiental; Prevenção e recuperação de desastres naturais e ambientais; Saneamento; Segurança pública; Segurança privada; Saúde animal; Tratamento da poluição e de resíduos sólidos"
Chamada pública emergencial do Rio Grande do Sul - Infra 2024;"FNDCT ; CT-INFRA";;Infraestrutura de pesquisa
Soluções de IA para o Poder Público – Rodada 3;;;
Mais Inovação Brasil – Tecnologias Digitais;FNDCT;;
Chamada pública conjunta Finep e Rede Eureka 2024;"FINEP ; FNDCT";Empresas;
MAIS INOVAÇÃO BRASIL – BIOECONOMIA;FNDCT;Empresas;"Aeronáutica; Combustíveis; Sustentabilidade"
MAIS INOVAÇÃO BRASIL – CADEIAS AGROINDUSTRIAIS SUSTENTÁVEIS;;;
MAIS INOVAÇÃO BRASIL – AVIAÇÃO SUSTENTÁVEL;;;
MAIS INOVAÇÃO BRASIL - ENERGIAS RENOVÁVEIS;FNDCT;Empresas;"Eficiência energética; Energia; Energia renovável; Sustentabilidade"
MAIS INOVAÇÃO BRASIL – SAÚDE/EMPRESA;FNDCT;Empresas;Saúde e Fármacos
MAIS INOVAÇÃO BRASIL - Soberania e Defesa Nacional;FNDCT;Empresas;"Defesa; Defesa e segurança nacional"
MAIS INOVAÇÃO BRASIL – MOBILIDADE URBANA;FNDCT;Empresas;"Cidades inteligentes e sustentáveis; Cidades Sustentáveis; Sustentabilidade"
MAIS INOVAÇÃO BRASIL – SAÚDE/ICTs;FNDCT;"ICTs ; Fundações";Saúde e Fármacos
MAIS INOVAÇÃO BRASIL – RESÍDUOS – SANEAMENTO – MORADIA;FNDCT;;"Cidades Sustentáveis; Habitação; Saneamento; Saneamento básico; Tratamento da poluição e de resíduos sólidos"
MAIS INOVAÇÃO BRASIL – SEMICONDUTORES;FNDCT;Empresas;TICs - Tecnologia de Informação e Comunicação
4a Chamada Pública Conjunta entre Finep e RCN;;;
PRÓ-INFRA EXPANSÃO E DESENVOLVIMENTO DE INFRAESTRUTURA DE PESQUISA - Modernização de ambientes físicos e aquisição de equipamentos;FNDCT;;Infraestrutura de pesquisa
PRÓ-INFRA RECUPERAÇÃO Recuperação e atualização de ambientes de pesquisa e equipamentos;FNDCT;;Infraestrutura de pesquisa
PRÓ-INFRA CENTROS TEMÁTICOS - Implantação e melhoria da infraestrutura de pesquisa para solucionar desafios em áreas temáticas críticas;;;
Soluções de IA para o Poder Público Rodada 2;;;
Prêmio Mulheres Inovadoras 4ª Edição - 2023;Próprio;Empresas;"Agritech; Bioeconomia; Cidades inteligentes e sustentáveis; Defesa e segurança nacional; Educação; Eficiência energética; Energia renovável; Foodtech; Monitoramento; Preservação ambiental; Prevenção e recuperação de desastres naturais e ambientais; Saneamento; Segurança pública; Segurança privada; Saúde animal; Tratamento da poluição e de resíduos sólidos"
FINEP 2030 Rede de ICTs - ciclo 5;Recursos captados com base no Programa Rota 2030;;
Seleção de Gestor para o FIP Finep Startup;Próprios;Gestores de Fundos de Investimento em Participações;"Aeronáutica; Agritech; Biotecnologia; Cidades Sustentáveis; Educação; Energia; Internet das Coisas - IoT; Manufatura avançada; Nanotecnologia; Sustentabilidade; TICs - Tecnologia de Informação e Comunicação; Venture Capital; Outros"
Centros Nacionais Multiusuários 2023;FNDCT;"ICTs ; Empresas";Infraestrutura de pesquisa
Programa Finep InovaDoc;FNDCT;;"Biotecnologia; Nanotecnologia; TV Digital; Outros"
Programa praças da ciência em museus e centros de ciência e tecnologia e espaços científicos culturais – 01/2022;"FINEP ; FNDCT";"ICTs ; Fundações";Outros
Finep TECNOVA III 01/2022;FNDCT;Empresas;Outros
Startups em Tecnologias Habilitadoras;FNDCT;Empresas;Outros
Biotecnologia aplicadas aos temas atuais de saúde humana, agropecuária, meio ambiente e indústria;FNDCT;;"Biotecnologia; Combustíveis; Healthtech; Meio Ambiente; Química; Saneamento; Sustentabilidade; Outros"
SELEÇÃO PÚBLICA FNDCT FINEP MCTI FOODTECHS;;;
Veículo lançador de pequeno porte para lançamento de nano e/ou microssatélites;;;
Soluções de IA para o Poder Público – Rodada 1;;;
DOENÇAS RARAS (DR);;;
Desenvolvimento da Cadeia do Biogás - 15/22;;;
PROGRAMA DESAFIO FINEP + ABDI;Subvenção;Empresas;"Inteligência Artificial; TICs - Tecnologia de Informação e Comunicação; Outros"
Tecnologias de exploração e produção OFFSHORE;;;
Desenvolvimento de Aplicações em Redes 5G Privadas;;;
Finep/MCTI Inovações Radicais no Setor Elétrico;;;
Plataformas Demonstradoras de Novas Tecnologias Aeronáuticas;;;
CT-HIDRO 2022 - Racionalização dos Usos da Água e a Gestão e o Monitoramento dos Recursos Hídricos;"FNDCT ; CT-HIDRO";"ICTs ; Empresas ; Instituições de Pesquisa";"Recursos hídricos; Saneamento; Sustentabilidade; TV Digital"
Energias renováveis 2022;FNDCT;"ICTs ; Fundações";Energia
Cadeias produtivas da bioeconomia MCTI: Fomento à ICT - 01/2022;FNDCT;"ICTs ; Fundações";Outros
Fomento a cadeias produtivas da bioeconomia em biomas brasileiros;FNDCT;Empresas;Outros
Satélite de pequeno porte de observação da terra de alta resolução;;;
Programa Mineração e Desenvolvimento;;;
Tecnologia Assistiva (SISASSISTIVA-MCTI);;;
Finep Propriedade Intelectual;FNDCT;"ICTs ; Empresas";Outros
Combustíveis do Futuro;;;
Defensivos agrícolas sustentáveis, bioinsumos, e fertilizantes;;;
Edital de Cidades Inteligentes e Sustentáveis;FNDCT;Empresas;Cidades Sustentáveis
Finep Amazônia Rodada 2;;;
Inovação para a Base Industrial de Defesa (BID);;;
CHAMADA PÚBLICA MCTI/FINEP/PROGRAMA  FINEP 2030 – Rede de ICT - 01/2022;Recursos captados com base no Programa Rota 2030;Startups;"Aeronáutica; Biotecnologia; Cidades Sustentáveis; Economia Criativa - jogos eletrônicos; Educação; Energia; Healthtech; Inteligência Artificial; Internet das Coisas - IoT; Manufatura avançada; Nanotecnologia; Sustentabilidade; TICs - Tecnologia de Informação e Comunicação; Outros"
Água para o Semiárido - Subvenção Econômica à Inovação – 05/2022;;;
Programa de Aceleração Espaço Finep - 3ª Edição - 2022;;;
Tecnologias para monetização do gás natural do pré-sal – 01/2022;;;
MCTI/Finep Startups IA – Subvenção Econômica à Inovação;;;
Laboratórios abertos de prototipagem e espaços compartilhados - 01/2022;FNDCT;"ICTs ; Empresas";"Aeronáutica; Agricultura Aplicada; Agricultura, agronegócio e saúde animal; Agritech; Aquaviário; Audiovisual; BIM - Building Information Modeling; Biotecnologia; Blockchain; Cidades Sustentáveis; Ciências Sociais; Cirurgia Robótica em Hospitais Universitários; Combustíveis; Defesa; Descentralização de recursos; Economia Criativa - jogos eletrônicos; Educação; Energia; Engenharias; Esportes; Fármacos; Fintech; Floricultura e fruticultura do Bioma da Caatinga; Habitação; Healthtech; Outros"
Edital Ambientes Controlados e Salas Limpas;CT-Infra;Instituições de Pesquisa;Infraestrutura de pesquisa
Prêmio Mulheres Inovadoras 3ª Edição;Próprio;Empresas;"Agritech; Aquaviário; Cidades Sustentáveis; Ciências Sociais; Cirurgia Robótica em Hospitais Universitários; Educação; Healthtech; Petróleo, gás e etanol; Química; Recursos hídricos; Saneamento; Saúde; Sustentabilidade; Transportes; Outros"
Protótipo de foguete de capacitação – Foguetes de Treinamento;;;
Ensaios clínicos de vacinas contra a COVID-19;;;
Bioeconomia e Transformação Digital da Amazônia (Finep Amazônia);;;
Infraestrutura de pesquisa em unidades vinculadas ao MCTI;FNDCT;Instituições de Pesquisa;Infraestrutura de pesquisa
Apoio financeiro a centros de inovação;FNDCT;"ICTs; Empresas";"Cidades Sustentáveis; Infraestrutura de pesquisa; Tecnologia Assitiva; Outros"
Edital PROINFRA 2021;CT-Infra;Instituições de Pesquisa;Infraestrutura de pesquisa
Apoio financeiro a parques tecnológicos em implantação e em operação – 01/2021;FNDCT;"ICTs ; Empresas";
Doenças negligenciadas, tropicais e transmitidas por vetores e outras doenças com populações desassistidas 02/2021;;;
Edital SOS Equipamentos 2021 AV02;Ação Transversal FNDCT;Instituições de Pesquisa;"Infraestrutura de pesquisa; Transportes"
Programa de Aceleração Espaço Finep - 2ª Edição - 01/2021;Recursos Próprios;Empresas;"Aeronáutica; Biotecnologia; Cidades Sustentáveis; Economia Criativa - jogos eletrônicos; Educação; Energia; Healthtech; Inteligência Artificial; Internet das Coisas - IoT; Manufatura avançada; Nanotecnologia; Sustentabilidade; TICs - Tecnologia de Informação e Comunicação; Outros"
Edital SOS Equipamentos 2021 AV01;FNDCT;Instituições de Pesquisa;Infraestrutura de pesquisa
PROGRAMA FINEP 2030 – Rede de ICT - 01/2020;Recursos captados com base no Programa Rota 2030;"ICTs ; Empresas";"Transportes; TV Digital; Outros"
3ª Chamada Pública Conjunta entre Finep e RCN;;;
Mulheres Inovadoras 2ª Edição;Próprio;Empresas;"Agritech; Aquaviário; Cidades Sustentáveis; Ciências Sociais; Cirurgia Robótica em Hospitais Universitários; Educação; Healthtech; Petróleo, gás e etanol; Química; Recursos hídricos; Saneamento; Saúde; Sustentabilidade; Transportes"
Subvenção Econômica à Inovação – 09/2020 - PROGRAMA DESAFIO FINEP DESAFIO CIBERNÉTICO - STARTUPS E EMPRESAS DE BASE TECNOLÓGICA;Subvenção - FNDCT;"Empresas ; Startup";"Defesa; TICs - Tecnologia de Informação e Comunicação; Outros"
Estruturação de Centros de Tecnologia e Inovações Aplicadas em Materiais Avançados 09/2020;;;
Materiais Avançados e Minerais Estratégicos;;;
Subvenção Econômica à inovação- 07/2020 (Parceria com a Alemanha);FNDCT;Empresas;Biotecnologia
Cooperativo ICT- 08/2020 (Parceria com a Alemanha);FNDCT;"ICT ; Empresa ; Fundação";Biotecnologia
Programa de Investimento em Startups Inovadoras;Recursos Próprios;;"Agritech; Biotecnologia; Cidades Sustentáveis; Defesa; Educação; Energia; Healthtech; Inteligência Artificial; Internet das Coisas - IoT; Manufatura avançada; Nanotecnologia; Realidade Aumentada, Realidade Virtual e Realidade Mista; Recursos minerais; Saneamento; Sustentabilidade; Tecnologia Espacial; Tecnologia Social; Venture Capital; Outros"
SOS Equipamentos 2020;Ação Transversal FNDCT;Instituições de Pesquisa;Infraestrutura de pesquisa
Tecnologia Assistiva 06-2020;FNDCT;Empresas;Tecnologia assistiva
Geração de Empreendimentos Inovadores - Centelha II 06/2020;"FNDCT – Subvenção Econômica ; FNDCT- Ação Transversal ; FNDCT - Ação Transversal - Bolsas";"ICT ; Empresa ; Fundações";Descentralização de Recursos
Projetos Executivos 2020;"FNDCT ; Ação Transversal";Instituições de Pesquisa;Infraestrutura de pesquisa
Subvenção Econômica à Inovação – 05/2020 Materiais Avançados;;;
Chamada Pública MCTI/Finep/Infraestrutura NB-3;PT: 19572.2208.21C0.6500 - Ação 21C0 (Enfrentamento da Emergência de Saúde Pública de Importância Internacional Decorrente do Coronavírus) - PO CV21;Instituições de Pesquisa;"Fármacos; Infraestrutura de pesquisa; Saúde; Outros"
Tecnologias 4.0;;;
Startups e EBT Covid19: Soluções tecnológicas inovadoras para COVID-19;;;
Soluções Inovadoras para o combate ao COVID-19;;;
EPIs e EPCs no combate do Covid-19;Fundo Nacional de Desenvolvimento Científico e Tecnológico – FNDCT até o limite de R$ 5.000.000,00 (cinco milhões de reais);Empresas;"Fármacos; Healthtech; Saúde; Outros"
Programa de Aceleração Espaço Finep;Recursos Próprios;Empresas;"Aeronáutica; Agricultura Aplicada; BIM - Building Information Modeling; Biotecnologia; Defesa; Economia Criativa - jogos eletrônicos; Educação; Energia; Fintech; Healthtech; Inteligência Artificial; Internet das Coisas - IoT; Manufatura avançada; Nanotecnologia; Petróleo, gás e etanol; Recursos hídricos; Saneamento; Saúde; TICs - Tecnologia de Informação e Comunicação; TV Digital; Outros"
Mulheres Inovadoras;Próprios;Empresas;"Aeronáutica; Agricultura Aplicada; Agricultura, agronegócio e saúde animal; Agritech; Aquaviário; BIM - Building Information Modeling; Biotecnologia; Blockchain; Cidades Sustentáveis; Ciências Sociais; Cirurgia Robótica em Hospitais Universitários; Combustíveis; Defesa; Descentralização de recursos; Economia Criativa - jogos eletrônicos; Educação; Energia; Engenharias; Esportes; Fármacos; Fintech; Floricultura e fruticultura do Bioma da Caatinga; Habitação; Healthtech; TV Digital"
Programa de Investimento em Startups Inovadoras;Recursos Próprios;Empresas;"Aeronáutica; Agritech; Cidades Sustentáveis; Defesa; Educação; Energia; Healthtech; Inteligência Artificial; Internet das Coisas - IoT; Manufatura avançada; Nanotecnologia; Realidade Aumentada, Realidade Virtual e Realidade Mista; Recursos hídricos; Saneamento; Sustentabilidade; Outros"
Programa de Investimento em Startups Inovadoras;;;
Edital de Seleção de Gestor para o FIP Inova Empresa - 2019;Recursos Próprios;Gestores de Fundos de Investimento em Participações;"Aeronáutica; Agricultura, agronegócio e saúde animal; Biotecnologia; Cidades Sustentáveis; Defesa; Energia; Internet das Coisas - IoT; Manufatura avançada; Nanotecnologia; Recursos hídricos; Recursos minerais; Saneamento; Saúde; Tecnologia Espacial; Tecnologia Social; TICs - Tecnologia de Informação e Comunicação; Venture Capital; Outros"
1ª Chamada Pública Subvenção Finep-Israel - 01/2018;Subvenção econômica;Empresas;"Aeronáutica; Agricultura, agronegócio e saúde animal; Aquaviário; Educação; Engenharias; Fintech; Nanotecnologia; Química; TICs - Tecnologia de Informação e Comunicação; Transportes"
Ação Transversal / Projetos Institucionais 02/2018;FNDCT;"Universidades ; Instituições de Pesquisa";"Agricultura, agronegócio e saúde animal; Fármacos; Inteligência Artificial; Meio Ambiente; Mineração; Nanotecnologia; Química; Saúde; Sustentabilidade; Outros"
Ação Transversal / P&I em Saneamento  01/2018;;;
Olimpíadas do Conhecimento ou Científicas 02/2018;Recursos Próprios - Finep;"ICTs ; Empresas ; Instituições de Pesquisa";"Educação ; Outros"
ERA-MIN 2018 - Matérias-Primas para o Desenvolvimento Sustentável e Economia Circular;FNDCT;"Empresas ; Instituições de Pesquisas";"Recursos minerais ; Sustentabilidade"
SOS Equipamentos - Fluxo Contínuo;Ação Transversal;Instituições de Pesquisa;Infraestrutura de pesquisa
Finep CT-INFRA 04/2018 - Temática;Ações Transversais;Instituições de Pesquisa;"Biotecnologia; Ciências Sociais; Engenharias; Infraestrutura de pesquisa; Meio Ambiente; Nanotecnologia; Saúde; Outros"
Finep CT-INFRA 03/2018 - Manutenção;CT-Infra;Instituições de Pesquisa;Infraestrutura de pesquisa
Finep CT-INFRA 02/2018 - Novos campi;CT-Infra;Instituições de Pesquisa;Infraestrutura de pesquisa
Finep CT-INFRA 01/2018 - Complementação de obras;CT-Infra;Instituições de Pesquisa;Infraestrutura de pesquisa
EUREKA — Globalstars Brasil 2018;"FNDCT — Subvenção Econômica ; Recursos Próprios";Empresas;Outros
Programa de Investimento em Startups Inovadoras;Recursos próprios;Empresas;"Agritech; BIM - Building Information Modeling; Biotecnologia; Blockchain; Combustíveis; Defesa; Economia Criativa - jogos eletrônicos; Educação; Energia; Fintech; Healthtech; Inteligência Artificial; Internet das Coisas - IoT; Manufatura avançada; Microeletrônica; Mineração; Nanotecnologia; Petróleo, gás e etanol; Química; Recursos minerais; TV Digital; Venture Capital"
Transferência de Tecnologia do SGDC – 01/2018;Fundo Nacional de Desenvolvimento Científico e Tecnológico - FNDCT/SUBVENÇÃO ECONÔMICA;Empresas;Tecnologia Espacial
Centelha - Geração de Empreendimentos Inovadores 01/2018;Subvenção Econômica;Empresas;"TV Digital; Outros"
FINEP - TECNOVA II 01/2018;Subvenção econômica;Empresas;Outros
Olimpíadas do Conhecimento ou Científicas;;;
Finep e Conselho Norueguês (RCN);;;
Seleção Gestor FIP Inova Empresa;;;
Chamada Pública Bilateral Finep – CDTI para Projetos de Inovação Tecnológica entre Empresas do Brasil e da Espanha;"FNDCT ; Funttel ; Recursos Próprios Finep";Empresas;"Aeronáutica; Agricultura, agronegócio e saúde animal; Agritech; Aquaviário; Audiovisual; BIM - Building Information Modeling; Biotecnologia; Cidades Sustentáveis; Combustíveis; Defesa; Descentralização de recursos; Economia Criativa - jogos eletrônicos"
Investimento em Startups Inovadoras 2ª Rodada;;;
Finep e NRC (National Research Council of Canada);;;
Finep/CDTI - COOPERAÇÃO ICT-EMPRESA – 01/2017;FNDCT (Ação Transversal – TR Cooperação Internacional);"ICTs ; Empresas";Energia
Programa de Investimento em Startups Inovadoras;;;
ERA-MIN 2 - 2017;"FNDCT ; União Europeia";"ICTs ; Empresas";Recursos minerais 
AMAZÔNIA LEGAL 04/2016;FNDCT;"ICTs ; Empresas";"Agricultura, agronegócio e saúde animal; Biotecnologia; Energia; Infraestrutura de pesquisa; Química; Saúde e Fármacos; Sustentabilidade; Outros"
Finep / Vinnova - Cooperação ICT-Empresa - 08/2016;FNDCT;"ICTs ; Empresas";"Aeronáutica;Tecnologia Social;TV Digital;Venture Capital"
Plano de Desenvolvimento, Sustentabilidade e Inovação no Setor de Mineração e Transformação Mineral – INOVA MINERAL;;;
Apoio Institucional ao Sistema Nacional de C,T&I;;;
Institutos de Pesquisa do MCTI;FNDCT;"ICTs ; Empresas";Infraestrutura de pesquisa
Centros Nacionais Multiusuários;FNDCT;"ICTs ; Empresas";Infraestrutura de pesquisa
Chamada Pública MCTI/FINEP/FNDCT 01/2016 - Zika;FNDCT;Instituições de Pesquisa;Saúde e Fármacos
Chamada Pública Finep e Conselho Norueguês;FNDCT;Empresas;"Energia; Nanotecnologia; Petróleo, gás e etanol"
Edital Finep/BNDES - Padiq;"FINEP/FNDCT ; Reembolsável ; Cooperativo ICT / Empresa ; Investimento Direto ; Subvenção Econômica";"ICTs ; Empresas";"Química;Transportes"
Edital MCTI/SECIS/FINEP/FNDCT Viver Sem Limite;"FINEP ; FNDCT";"ICTs ; Empresas";Tecnologia Assitiva
Edital de Seleção Pública MCTI/AEB/FINEP/FNDCT – Subvenção Econômica à Inovação – Transferência de Tecnologia do SGDC – 01/2015;Fundo Nacional de Desenvolvimento Científico e Tecnológico - FNDCT/SUBVENÇÃO ECONÔMICA;Empresas;Tecnologia Espacial
Carta Convite MCTI/Finep 01/2014;;;
Chamada Pública MCTI/Finep/CT-Infra - Proinfra – 02/2014 – Equipamentos Multiusuários;CT-Infra;Instituições de Pesquisa;Infraestrutura de pesquisa
Chamada Pública Conjunta Finep - TEKES Projetos de P,D&I Industrial;Cooperação internacional;Empresas;Outros
Programa Finep Inovar Fundos 15ª Chamada Inovar Fundos;;;
Edital de seleção pública conjunta FINEP/BNDES de apoio à inovação tecnológica agrícola no setor sucroenergético - PAISS AGRÍCOLA - 02/2014;;;
Edital de seleção pública conjunta BNDES/FINEP de apoio à inovação tecnológica industrial no setor de petróleo & gás - Inova Petro - 01/2014;;;
Edital de seleção pública de apoio à inovação tecnológica no setor de telecomunicações - Inova Telecom - 01/2013;;;
Edital de seleção pública conjunta MMA/BNDES/FINEP de apoio à inovação tecnológica relacionada ao tema sustentabilidade - Inova Sustentabilidade - 2013;;;
Chamada Pública MCTI/SECIS/Finep/FNDCT – Cooperação ICT-Empresa – Tecnologia Assistiva – 01/2013;;;
Edital de chamada para a gestão de fundo nos setores aeroespacial, aeronáutico, defesa e segurança;;;
Carta Convite MCTI/Finep/Embrapa/AT – OEPAS – 01/2013;;;
Chamada pública MCTI/FINEP e MS/SCTIE/DCIIS – 03/2013 - Projetos Cooperativos de P, D&I em equipamentos e dispositivos médicos de interesse industrial - Inova Saúde;;;
Chamada Pública MCTI/FINEP - Chamada Pública de estudo de avaliação do projeto piloto de implantação da empresa brasileira de pesquisa e inovação industrial (Embrapi);;;
Chamada Pública MCTI/Finep CT-Hidro 01/2013;;;
Chamada Pública MCTI/Finep/MS/SCTIE/DECIIS – CT-Saúde e FNS - Pesquisa em Engenharia Biomédica – 02/2013;;;
Chamada Pública MCTI/Finep/MS/SCTIE/DECIT – CT-Saúde e FNS - Desenvolvimento de Chamada Inovações para prevenção e/ou tratamento de câncer - 01/2013;;;
Chamada Pública MCTI/Finep/Ação Transversal – Inova Empresa - PNI/Parques Tecnológicos 02/2013;;;
Finep - Programa Inovar Semente - 6ª Chamada para capitalização de fundos de capital Semente;;;
Finep - Programa Inovar Fundos - 14ª Chamada Inovar Fundos;;;
Finep - Programa de Investimento Direto - FIP Inova Empresa Chamada Pública para Seleção de Administrador para o FIP Inova Empresa;;;
Chamada Pública MCT/Finep/CT-Aquaviário - Cooperação IPCTs-Empresas - Navipeças- 01/2013;;;
Chamada Pública MCTI/FINEP/CT-INFRA - Infraestrutura em campi estaduais e municipais - 02/2013;;;
Edital de seleção pública conjunta MCTI/BNDES/FINEP de apoio à inovação tecnológica no setor de agronegócio - Inova Agro - 2013;;;
Edital de seleção pública conjunta FINEP/BNDES/MD/AEB de apoio à inovação tecnológica nos setores aeroespacial, defesa e segurança - Inova Aerodefesa - 04/2013;;;
Chamada Pública MCTI/FINEP/Ação Transversal - Infraestrutura de pesquisa em universidades comunitárias - 01/2013;;;
Edital de seleção pública conjunta FINEP/MCTI/MS/CNPq de apoio à inovação tecnológica no setor de saúde - Inova Saúde - Biofármacos, Farmoquímicos e Medicamentos - 03/2013;;;
Edital de seleção pública conjunta BNDES/FINEP/MCTI/MINISTÉRIO DA SAÚDE de apoio à inovação tecnológica no setor de equipamentos médicos e tecnologias para a saúde - Inova Saúde (Equipamentos Médicos) - 02/2013;;;
Edital de seleção pública conjunta ANEEL/BNDES/FINEP de apoio à inovação tecnológica no setor elétrico - Inova Energia - 01/2013;;;
Seleção Pública MCTI/FINEP/FNDCT - Subvenção Econômica à Inovação – TI MAIOR 04/2013;;;
Seleção Pública MCTI/FINEP/FNDCT - Subvenção Econômica à Inovação – 03/2013 - Nanotecnologia;;;
Seleção Pública MCTI/FINEP/FNDCT - Subvenção Econômica à Inovação - 02/2013 - Construção Sustentável e Saneamento Ambiental;;;
Seleção Pública MCTI/FINEP/FNDCT - Subvenção Econômica à Inovação – 01/2013 - Produtos Obtidos por Processos Biotecnológicos;;;
Chamada Pública MCTI/Finep/CT-Infra 01/2013;;;
Seleção Pública MCTI/FINEP/FNDCT - Subvenção Econômica à Inovação - 01/2012 - Tema: Tecnologia Assistiva;;;
Edital de seleção pública conjunta FINEP/BNDES de apoio à inovação tecnológica industrial no setor de petróleo & gás - Inova Petro - 01/2012;;;
Carta Convite MCT/Finep/Ação Transversal – Programa de Apoio à Inovação Tecnológica em Micro-Empresas e Empresas de Pequeno Porte - Tecnova 01/2012;;;
Chamada Pública MCT/Finep/FSA – PRODECINE – 03/2010;;;
PROGRAMA FINEP INOVAR FUNDOS - 13a CHAMADA INOVAR FUNDOS;;;
Chamada Pública MCTI/SECIS/Finep/FNDCT – Cooperação Empresa-ICT –Tecnologia Assistiva – 01/2011;;;
Chamada Pública MCTI/Finep/CT-INFRA - Proinfra – 01/2011;;;
PROGRAMA FINEP INOVAR FUNDOS - 12a CHAMADA INOVAR FUNDOS;;;
Plano de apoio à inovação tecnológica industrial dos setores sucroenergético e sucroquímico - PAISS;;;
Chamada Pública MCT/Finep/FSA – PRODECINE - 01/2010;;;
Chamada Pública MCT/Finep/CT-Infra - PROINFRA - 02/2010;;;
Carta Convite MCT/Finep/AT - PNI - Incubadoras  12/2010;;;
Chamada Pública MCT/Finep/AT - PNI - Parques Tecnológicos  11/2010;;;
Chamada Pública MCT/Finep/FSA – PRODECINE - 02/2010;;;
Chamada Pública MCT/Finep/FSA – PRODAV – 01/2010;;;
